{
  "Sleep Duration": {
    "Sleep Duration": 1.0,
    "Quality of Sleep": 0.8832130004106182,
    "Stress Level": -0.8110230278940436,
    "Physical Activity Level": 0.21236031472575895
  },
  "Quality of Sleep": {
    "Sleep Duration": 0.8832130004106182,
    "Quality of Sleep": 1.0,
    "Stress Level": -0.8987520310040412,
    "Physical Activity Level": 0.19289645493975385
  },
  "Stress Level": {
    "Sleep Duration": -0.8110230278940436,
    "Quality of Sleep": -0.8987520310040412,
    "Stress Level": 1.0,
    "Physical Activity Level": -0.034134463516743103
  },
  "Physical Activity Level": {
    "Sleep Duration": 0.21236031472575895,
    "Quality of Sleep": 0.19289645493975385,
    "Stress Level": -0.034134463516743103,
    "Physical Activity Level": 1.0
  }
}